model,accuracy,energy_kwh,pareto_optimal
ALBERT,0.7716333333333334,0.3985704966666666,True
DistilBERT,0.7693,0.11960555,True
FastText,0.6934999999999999,4.728e-05,False
MiniLM,0.7411,0.1351702,False
TF-IDF+SVM,0.6976,4.603999999999999e-05,True
