model,accuracy,energy_kwh,pareto_optimal
ALBERT,0.7948,0.26081713666666667,True
DistilBERT,0.7674666666666666,0.07741039333333334,True
FastText,0.7012333333333333,4.038333333333334e-05,False
MiniLM,0.7609666666666667,0.08561775666666667,False
TF-IDF+SVM,0.7127,3.4093333333333334e-05,True
